,sentiment,
0,"[(-0.4000000059604645, 2, 1512428709.631789)]","[(0.30000001192092896, 0, 1512428711.8990452), (-0.4000000059604645, 1, 1512428713.695303)]"
