,clarinet,,museum
0,"[(0.800000011920929, -2, 1512593608.213249), (0.10000000149011612, 1, 1512593628.810246)]","[(-0.5, 0, 1512593638.2466161), (-0.4000000059604645, 0, 1512593662.894497)]","[(0.20000000298023224, -1, 1512593645.1140091), (0.20000000298023224, 1, 1512593652.843654)]"
