,Unnamed: 0,Unnamed: 0.1,Unnamed: 0.1.1,delta_rapport,sentiment,time,topic
0,0.0,0.0,0.0,0.0,0.2,1511301800.865483,soccer game
1,1.0,2.0,2.0,0.0,0.8999999761581421,1511303642.563691,
2,2.0,3.0,3.0,2.0,0.0,1511303647.900207,
3,3.0,4.0,4.0,2.0,0.4000000059604645,1511303657.169015,games
4,4.0,0.0,,0.0,0.10000000149011612,<module 'time' (built-in)>,League of Legends
5,0.0,,,-1.0,0.8000000119209291,<module 'time' (built-in)>,
0,,,,-2.0,0.699999988079071,<module 'time' (built-in)>,^
