,topic,sentiment,delta_rapport,time
0,soccer game,0.2,0.0,1511301800.865483
1,League of Legends,0.20000000298023224,-1.0,1511303634.466723
2,,0.8999999761581421,0.0,1511303642.563691
3,,0.0,2.0,1511303647.900207
4,games,0.4000000059604645,2.0,1511303657.169015
